{"_id":0,"name":"Weclotur","population":37204107}
{"_id":1,"name":"Ufdadre","population":4195149}
{"_id":2,"name":"Gabepfo","population":24774878}
{"_id":3,"name":"Hugecuif","population":26971343}
{"_id":4,"name":"Getjawi","population":20333849}
{"_id":5,"name":"Wuihnov","population":32181480}
{"_id":6,"name":"Nivkahji","population":35589367}
{"_id":7,"name":"Nazpomso","population":11306436}
{"_id":8,"name":"Fewluce","population":2837975}
{"_id":9,"name":"Imuducroj","population":25131345}
{"_id":10,"name":"Ezokugfi","population":13329365}
{"_id":11,"name":"Ewewedu","population":19742788}
{"_id":12,"name":"Ujlafzoz","population":24145814}
{"_id":13,"name":"Goddivref","population":17166781}
{"_id":14,"name":"Haunizi","population":10591853}
{"_id":15,"name":"Japahhe","population":16506075}
{"_id":16,"name":"Cucjoruvi","population":24042016}
{"_id":17,"name":"Digduvak","population":3148658}
{"_id":18,"name":"Divijzew","population":26184543}
{"_id":19,"name":"Siswonrel","population":11431745}
{"_id":20,"name":"Fukepaif","population":7126631}
{"_id":21,"name":"Vepsutid","population":6900674}
{"_id":22,"name":"Cizgavte","population":37460692}
{"_id":23,"name":"Wizmihpoc","population":23879986}
{"_id":24,"name":"Haessaz","population":11087084}
{"_id":25,"name":"Omijiel","population":17885500}
{"_id":26,"name":"Hisokam","population":28149089}
{"_id":27,"name":"Logajwew","population":26644451}
{"_id":28,"name":"Cadbavaz","population":4023623}
{"_id":29,"name":"Gicolkij","population":5439281}
{"_id":30,"name":"Lejahebof","population":14841924}
{"_id":31,"name":"Tioniona","population":34397016}
{"_id":32,"name":"Zowwobehi","population":24593685}
{"_id":33,"name":"Etobovsa","population":21336440}
{"_id":34,"name":"Weniton","population":12812146}
{"_id":35,"name":"Alhozve","population":11121658}
{"_id":36,"name":"Gezobit","population":7257514}
{"_id":37,"name":"Ugziga","population":27321119}
{"_id":38,"name":"Vodepu","population":33832643}
{"_id":39,"name":"Gohenul","population":6898402}
{"_id":40,"name":"Gijoce","population":22543552}
{"_id":41,"name":"Obgelfej","population":12028142}
{"_id":42,"name":"Baclalpa","population":5294922}
{"_id":43,"name":"Vucihun","population":37893960}
{"_id":44,"name":"Vevigoov","population":26213843}
{"_id":41,"name":"Pugusca","population":25141926}
{"_id":46,"name":"Etcofod","population":14476650}
{"_id":47,"name":"Kizreckob","population":1154304}
{"_id":48,"name":"Araenoci","population":16781094}
{"_id":49,"name":"Sinutlo","population":328395}
{"_id":50,"name":"Iwfajop","population":31091217}
{"_id":51,"name":"Cahcencut","population":4747887}
{"_id":52,"name":"Talbowho","population":35474255}
{"_id":53,"name":"Gepkosji","population":10353601}
{"_id":54,"name":"Puodsu","population":21501399}
{"_id":55,"name":"Icpislav","population":1703955}
{"_id":56,"name":"Hifgushom","population":30049004}
{"_id":57,"name":"Duegeodo","population":17147762}
{"_id":58,"name":"Jucauca","population":12039642}
{"_id":59,"name":"Mijtulehu","population":20144511}
{"_id":60,"name":"Tideho","population":22847293}
{"_id":61,"name":"Buwiccof","population":36838678}
{"_id":62,"name":"Wacogfej","population":5542662}
{"_id":63,"name":"Jeadsor","population":7170276}
{"_id":64,"name":"Vaprodhuw","population":5263167}
{"_id":65,"name":"Lereju","population":2129093}
{"_id":66,"name":"Sifvolkod","population":36200024}
{"_id":67,"name":"Moovivo","population":2191949}
{"_id":68,"name":"Ondufvib","population":37184936}
{"_id":69,"name":"Dodeza","population":6529147}
{"_id":70,"name":"Muifosel","population":17372744}
{"_id":71,"name":"Taunha","population":4684333}
{"_id":72,"name":"Utjazbiz","population":20511054}
{"_id":73,"name":"Horronize","population":6252168}
{"_id":74,"name":"Lekode","population":17345450}
{"_id":75,"name":"Usizilcat","population":10585807}
{"_id":76,"name":"Tukagijej","population":28306787}
{"_id":77,"name":"Caigure","population":5932724}
{"_id":78,"name":"Nicowaden","population":20577251}
{"_id":79,"name":"Dubipu","population":3711181}
{"_id":80,"name":"Iziceguja","population":26161251}
{"_id":81,"name":"Moipusa","population":1655853}
{"_id":82,"name":"Avhamlis","population":26636439}
{"_id":83,"name":"Awokevo","population":3122997}
{"_id":81,"name":"Fuzjoso","population":500502}
{"_id":85,"name":"Temefijag","population":6338343}
{"_id":86,"name":"Sarheme","population":15526128}
{"_id":87,"name":"Hugbovok","population":19583353}
{"_id":88,"name":"Jacojtuh","population":2442335}
{"_id":89,"name":"Sefadi","population":12511184}
{"_id":90,"name":"Kusdalop","population":32643612}
{"_id":91,"name":"Gadzipeji","population":19880762}
{"_id":92,"name":"Resazeci","population":1211562}
{"_id":93,"name":"Fezoce","population":6186322}
{"_id":94,"name":"Luvameze","population":35156358}
{"_id":90,"name":"Gukzaiva","population":8155867}
{"_id":96,"name":"Revomaj","population":37637982}
{"_id":97,"name":"Lododbe","population":31347620}
{"_id":98,"name":"Efumuhad","population":12060298}
{"_id":99,"name":"Viogjuh","population":28651390}
