{"_id":{"$oid":"5b2936d3ac22a4e5c3805582"},"date":{"month":"06","year":"2016"},"store_id":0,"footfall":[{"count":62,"day":1},{"count":801,"day":2},{"count":7740,"day":3},{"count":6930,"day":4},{"count":1344,"day":5},{"count":3567,"day":6},{"count":616,"day":7},{"count":1370,"day":8},{"count":2992,"day":9},{"count":4078,"day":10},{"count":7576,"day":11},{"count":3785,"day":12},{"count":6628,"day":13},{"count":4970,"day":14},{"count":4186,"day":15},{"count":4454,"day":16},{"count":3016,"day":17},{"count":4152,"day":18},{"count":9210,"day":19},{"count":7867,"day":20},{"count":1071,"day":21},{"count":574,"day":22},{"count":1710,"day":23},{"count":4378,"day":24},{"count":2003,"day":25},{"count":4612,"day":26},{"count":4392,"day":27},{"count":9115,"day":28},{"count":9758,"day":29},{"count":154,"day":30}]}
{"_id":{"$oid":"5b2936d3ac22a4e5c3805583"},"date":{"month":"06","year":"2016"},"store_id":8,"footfall":[{"count":2442,"day":1},{"count":1031,"day":2},{"count":6847,"day":3},{"count":8056,"day":4},{"count":4221,"day":5},{"count":5996,"day":6},{"count":3145,"day":7},{"count":7122,"day":8},{"count":8841,"day":9},{"count":6850,"day":10},{"count":6335,"day":11},{"count":3016,"day":12},{"count":2882,"day":13},{"count":7900,"day":14},{"count":4058,"day":15},{"count":6763,"day":16},{"count":1159,"day":17},{"count":2013,"day":18},{"count":4419,"day":19},{"count":2516,"day":20},{"count":8541,"day":21},{"count":9437,"day":22},{"count":5808,"day":23},{"count":6443,"day":24},{"count":7941,"day":25},{"count":2904,"day":26},{"count":6712,"day":27},{"count":8535,"day":28},{"count":5109,"day":29},{"count":61,"day":30}]}
{"_id":{"$oid":"5b2936d3ac22a4e5c3805584"},"date":{"month":"07","year":"2016"},"store_id":6,"footfall":[{"count":9448,"day":1},{"count":3911,"day":2},{"count":841,"day":3},{"count":1450,"day":4},{"count":2429,"day":5},{"count":1138,"day":6},{"count":8682,"day":7},{"count":1848,"day":8},{"count":4235,"day":9},{"count":4200,"day":10},{"count":9689,"day":11},{"count":536,"day":12},{"count":5735,"day":13},{"count":1402,"day":14},{"count":4263,"day":15},{"count":6835,"day":16},{"count":9406,"day":17},{"count":4198,"day":18},{"count":2348,"day":19},{"count":9295,"day":20},{"count":6387,"day":21},{"count":5790,"day":22},{"count":1485,"day":23},{"count":8813,"day":24},{"count":6364,"day":25},{"count":1491,"day":26},{"count":8276,"day":27},{"count":9370,"day":28},{"count":5656,"day":29},{"count":9048,"day":30}]}
{"_id":{"$oid":"5b2936d3ac22a4e5c3805585"},"date":{"month":"05","year":"2016"},"store_id":7,"footfall":[{"count":5336,"day":1},{"count":3799,"day":2},{"count":3356,"day":3},{"count":7654,"day":4},{"count":13,"day":5},{"count":8108,"day":6},{"count":4754,"day":7},{"count":4641,"day":8},{"count":5797,"day":9},{"count":4955,"day":10},{"count":7088,"day":11},{"count":5568,"day":12},{"count":21,"day":13},{"count":6085,"day":14},{"count":3335,"day":15},{"count":2562,"day":16},{"count":679,"day":17},{"count":3748,"day":18},{"count":2428,"day":19},{"count":3626,"day":20},{"count":1303,"day":21},{"count":815,"day":22},{"count":5233,"day":23},{"count":2460,"day":24},{"count":6340,"day":25},{"count":2834,"day":26},{"count":9392,"day":27},{"count":7001,"day":28},{"count":6221,"day":29},{"count":7851,"day":30}]}
{"_id":{"$oid":"5b2936d3ac22a4e5c3805586"},"date":{"month":"05","year":"2016"},"store_id":5,"footfall":[{"count":8144,"day":1},{"count":464,"day":2},{"count":6656,"day":3},{"count":718,"day":4},{"count":8450,"day":5},{"count":962,"day":6},{"count":5007,"day":7},{"count":160,"day":8},{"count":8892,"day":9},{"count":1993,"day":10},{"count":4158,"day":11},{"count":8409,"day":12},{"count":4686,"day":13},{"count":470,"day":14},{"count":5051,"day":15},{"count":2688,"day":16},{"count":6618,"day":17},{"count":6593,"day":18},{"count":4130,"day":19},{"count":7496,"day":20},{"count":5294,"day":21},{"count":3855,"day":22},{"count":5424,"day":23},{"count":1044,"day":24},{"count":8784,"day":25},{"count":9300,"day":26},{"count":6,"day":27},{"count":7896,"day":28},{"count":531,"day":29},{"count":3865,"day":30}]}
{"_id":{"$oid":"5b2936d3ac22a4e5c3805587"},"date":{"month":"07","year":"2016"},"store_id":2,"footfall":[{"count":7182,"day":1},{"count":9452,"day":2},{"count":7161,"day":3},{"count":8077,"day":4},{"count":1378,"day":5},{"count":3857,"day":6},{"count":8751,"day":7},{"count":3459,"day":8},{"count":9458,"day":9},{"count":7098,"day":10},{"count":5363,"day":11},{"count":5777,"day":12},{"count":5354,"day":13},{"count":8309,"day":14},{"count":728,"day":15},{"count":6591,"day":16},{"count":4862,"day":17},{"count":9938,"day":18},{"count":707,"day":19},{"count":9142,"day":20},{"count":7254,"day":21},{"count":6523,"day":22},{"count":2860,"day":23},{"count":7071,"day":24},{"count":4739,"day":25},{"count":8735,"day":26},{"count":9277,"day":27},{"count":552,"day":28},{"count":626,"day":29},{"count":6358,"day":30}]}
{"_id":{"$oid":"5b2936d3ac22a4e5c3805588"},"date":{"month":"12","year":"2016"},"store_id":2,"footfall":[{"count":5911,"day":1},{"count":6364,"day":2},{"count":2745,"day":3},{"count":623,"day":4},{"count":6429,"day":5},{"count":3907,"day":6},{"count":7863,"day":7},{"count":null,"day":8},{"count":8850,"day":9},{"count":264,"day":10},{"count":3062,"day":11},{"count":7014,"day":12},{"count":485,"day":13},{"count":1732,"day":14},{"count":4793,"day":15},{"count":7851,"day":16},{"count":1409,"day":17},{"count":7265,"day":18},{"count":5087,"day":19},{"count":2642,"day":20},{"count":4960,"day":21},{"count":8659,"day":22},{"count":8021,"day":23},{"count":6170,"day":24},{"count":1220,"day":25},{"count":6150,"day":26},{"count":4185,"day":27},{"count":4711,"day":28},{"count":1510,"day":29},{"count":5326,"day":30}]}
{"_id":{"$oid":"5b2936d3ac22a4e5c3805589"},"date":{"month":"11","year":"2016"},"store_id":2,"footfall":[{"count":9051,"day":1},{"count":8806,"day":2},{"count":3899,"day":3},{"count":4734,"day":4},{"count":7874,"day":5},{"count":9830,"day":6},{"count":5541,"day":7},{"count":3507,"day":8},{"count":9194,"day":9},{"count":6841,"day":10},{"count":9336,"day":11},{"count":7945,"day":12},{"count":3570,"day":13},{"count":4277,"day":14},{"count":7091,"day":15},{"count":5609,"day":16},{"count":5661,"day":17},{"count":8511,"day":18},{"count":6307,"day":19},{"count":3870,"day":20},{"count":3239,"day":21},{"count":5314,"day":22},{"count":820,"day":23},{"count":5999,"day":24},{"count":8905,"day":25},{"count":4987,"day":26},{"count":6723,"day":27},{"count":1063,"day":28},{"count":8939,"day":29},{"count":9121,"day":30}]}
{"_id":{"$oid":"5b2936d3ac22a4e5c380558a"},"date":{"month":"08","year":"2016"},"store_id":5,"footfall":[{"count":7744,"day":1},{"count":5232,"day":2},{"count":7363,"day":3},{"count":4943,"day":4},{"count":629,"day":5},{"count":3144,"day":6},{"count":1089,"day":7},{"count":2437,"day":8},{"count":9109,"day":9},{"count":928,"day":10},{"count":2880,"day":11},{"count":163,"day":12},{"count":192,"day":13},{"count":9267,"day":14},{"count":2351,"day":15},{"count":2156,"day":16},{"count":5040,"day":17},{"count":2265,"day":18},{"count":2797,"day":19},{"count":7582,"day":20},{"count":1083,"day":21},{"count":7833,"day":22},{"count":103,"day":23},{"count":2308,"day":24},{"count":7434,"day":25},{"count":3788,"day":26},{"count":9413,"day":27},{"count":6077,"day":28},{"count":5039,"day":29},{"count":8603,"day":30}]}
{"_id":{"$oid":"5b2936d3ac22a4e5c380558b"},"date":{"month":"05","year":"2016"},"store_id":10,"footfall":[{"count":1222,"day":1},{"count":7508,"day":2},{"count":9044,"day":3},{"count":5873,"day":4},{"count":8919,"day":5},{"count":4700,"day":6},{"count":8634,"day":7},{"count":6054,"day":8},{"count":4586,"day":9},{"count":9807,"day":10},{"count":8889,"day":11},{"count":1110,"day":12},{"count":5688,"day":13},{"count":8513,"day":14},{"count":3479,"day":15},{"count":7298,"day":16},{"count":2329,"day":17},{"count":8080,"day":18},{"count":3965,"day":19},{"count":8650,"day":20},{"count":6587,"day":21},{"count":3034,"day":22},{"count":723,"day":23},{"count":6122,"day":24},{"count":3840,"day":25},{"count":7504,"day":26},{"count":8287,"day":27},{"count":9319,"day":28},{"count":2633,"day":29},{"count":1780,"day":30}]}
{"_id":{"$oid":"5b2936d3ac22a4e5c380558c"},"date":{"$date":"2017-11-04T08:11:17.698Z"},"store_id":5,"footfall":[{"count":{"$numberDecimal":"2490.44"},"day":1},{"count":{"$numberDecimal":"570.65"},"day":2},{"count":{"$numberDecimal":"7762.4"},"day":3},{"count":{"$numberDecimal":"2202.03"},"day":4},{"count":{"$numberDecimal":"3864.32"},"day":5},{"count":{"$numberDecimal":"7207.2"},"day":6},{"count":{"$numberDecimal":"8542.73"},"day":7},{"count":{"$numberDecimal":"5567.94"},"day":8},{"count":{"$numberDecimal":"5917.08"},"day":9},{"count":{"$numberDecimal":"1872.98"},"day":10},{"count":{"$numberDecimal":"7258.02"},"day":11},{"count":{"$numberDecimal":"3285.15"},"day":12},{"count":{"$numberDecimal":"6224.59"},"day":13},{"count":{"$numberDecimal":"4196.05"},"day":14},{"count":{"$numberDecimal":"7346.65"},"day":15},{"count":{"$numberDecimal":"4752.59"},"day":16},{"count":{"$numberDecimal":"3890.63"},"day":17},{"count":{"$numberDecimal":"2440.83"},"day":18},{"count":{"$numberDecimal":"9219.03"},"day":19},{"count":{"$numberDecimal":"8929.69"},"day":20},{"count":{"$numberDecimal":"7450.48"},"day":21},{"count":{"$numberDecimal":"5597.15"},"day":22},{"count":{"$numberDecimal":"5649.2"},"day":23},{"count":{"$numberDecimal":"5896.97"},"day":24},{"count":{"$numberDecimal":"7573.93"},"day":25},{"count":{"$numberDecimal":"6861.41"},"day":26},{"count":{"$numberDecimal":"6073.66"},"day":27},{"count":{"$numberDecimal":"6279.79"},"day":28},{"count":{"$numberDecimal":"619.37"},"day":29},{"count":{"$numberDecimal":"4775.79"},"day":30}]}
{"_id":{"$oid":"5b2936d3ac22a4e5c380558d"},"date":{"$date":"2017-12-29T06:51:04.293Z"},"store_id":5,"footfall":[{"count":{"$numberDecimal":"8609.01"},"day":1},{"count":{"$numberDecimal":"5885.2"},"day":2},{"count":{"$numberDecimal":"6341.1"},"day":3},{"count":{"$numberDecimal":"5641.61"},"day":4},{"count":{"$numberDecimal":"4654.94"},"day":5},{"count":{"$numberDecimal":"4019.15"},"day":6},{"count":{"$numberDecimal":"9767.35"},"day":7},{"count":{"$numberDecimal":"5606.58"},"day":8},{"count":{"$numberDecimal":"5852.16"},"day":9},{"count":{"$numberDecimal":"4724.37"},"day":10},{"count":{"$numberDecimal":"8078.56"},"day":11},{"count":{"$numberDecimal":"1328.83"},"day":12},{"count":{"$numberDecimal":"7243.32"},"day":13},{"count":{"$numberDecimal":"5109.33"},"day":14},{"count":{"$numberDecimal":"7246"},"day":15},{"count":{"$numberDecimal":"2312.55"},"day":16},{"count":{"$numberDecimal":"5301.19"},"day":17},{"count":{"$numberDecimal":"9985.35"},"day":18},{"count":{"$numberDecimal":"9755.26"},"day":19},{"count":{"$numberDecimal":"5614.54"},"day":20},{"count":{"$numberDecimal":"4341.3"},"day":21},{"count":{"$numberDecimal":"6424.11"},"day":22},{"count":{"$numberDecimal":"2408.24"},"day":23},{"count":{"$numberDecimal":"4922.55"},"day":24},{"count":{"$numberDecimal":"4378.84"},"day":25},{"count":{"$numberDecimal":"6277.9"},"day":26},{"count":{"$numberDecimal":"4813.29"},"day":27},{"count":{"$numberDecimal":"8439.16"},"day":28},{"count":{"$numberDecimal":"9850.39"},"day":29},{"count":{"$numberDecimal":"2161.43"},"day":30}]}
{"_id":{"$oid":"5b2936d3ac22a4e5c380558e"},"date":{"$date":"2017-04-30T17:18:19.930Z"},"store_id":10,"footfall":[{"count":{"$numberDecimal":"8811.92"},"day":1},{"count":{"$numberDecimal":"9946.99"},"day":2},{"count":{"$numberDecimal":"958.86"},"day":4},{"count":{"$numberDecimal":"6419.35"},"day":5},{"count":{"$numberDecimal":"3332.58"},"day":6},{"count":{"$numberDecimal":"4783.97"},"day":7},{"count":{"$numberDecimal":"1060.57"},"day":8},{"count":{"$numberDecimal":"8094.7"},"day":9},{"count":{"$numberDecimal":"8945.25"},"day":10},{"count":{"$numberDecimal":"2576.96"},"day":11},{"count":{"$numberDecimal":"4232.44"},"day":12},{"count":{"$numberDecimal":"2582.5"},"day":13},{"count":{"$numberDecimal":"5309.43"},"day":14},{"count":{"$numberDecimal":"4907.37"},"day":15},{"count":{"$numberDecimal":"6626.43"},"day":16},{"count":{"$numberDecimal":"1887.16"},"day":17},{"count":{"$numberDecimal":"7260.67"},"day":18},{"count":{"$numberDecimal":"9716.57"},"day":19},{"count":{"$numberDecimal":"7375.86"},"day":20},{"count":{"$numberDecimal":"2537.96"},"day":21},{"count":{"$numberDecimal":"5740.09"},"day":22},{"count":{"$numberDecimal":"78.4"},"day":23},{"count":{"$numberDecimal":"2291.23"},"day":24},{"count":{"$numberDecimal":"9638.19"},"day":25},{"count":{"$numberDecimal":"8373.36"},"day":26},{"count":{"$numberDecimal":"5389.23"},"day":27},{"count":{"$numberDecimal":"6137.12"},"day":28},{"count":{"$numberDecimal":"2310.79"},"day":29},{"count":{"$numberDecimal":"1606.77"},"day":30}]}
{"_id":{"$oid":"5b2936d3ac22a4e5c380558f"},"date":{"$date":"2017-12-23T19:45:47.553Z"},"store_id":3,"footfall":[{"count":{"$numberDecimal":"4755.58"},"day":1},{"count":{"$numberDecimal":"660.65"},"day":2},{"count":{"$numberDecimal":"4288.81"},"day":5},{"count":{"$numberDecimal":"1278.14"},"day":6},{"count":{"$numberDecimal":"6517.52"},"day":7},{"count":{"$numberDecimal":"6934.95"},"day":8},{"count":{"$numberDecimal":"6706.07"},"day":9},{"count":{"$numberDecimal":"495.57"},"day":10},{"count":{"$numberDecimal":"6803.24"},"day":11},{"count":{"$numberDecimal":"8268.99"},"day":12},{"count":{"$numberDecimal":"4560.48"},"day":13},{"count":{"$numberDecimal":"4165.23"},"day":14},{"count":{"$numberDecimal":"5800.98"},"day":15},{"count":{"$numberDecimal":"5807.54"},"day":16},{"count":{"$numberDecimal":"5556.91"},"day":17},{"count":{"$numberDecimal":"9210.89"},"day":18},{"count":{"$numberDecimal":"4275.53"},"day":19},{"count":{"$numberDecimal":"8929.45"},"day":20},{"count":{"$numberDecimal":"5981.85"},"day":21},{"count":{"$numberDecimal":"1501.01"},"day":22},{"count":{"$numberDecimal":"2691.17"},"day":23},{"count":{"$numberDecimal":"1494.27"},"day":24},{"count":{"$numberDecimal":"6263.83"},"day":25},{"count":{"$numberDecimal":"6808.33"},"day":26},{"count":{"$numberDecimal":"5695.6"},"day":27},{"count":{"$numberDecimal":"5081.32"},"day":28},{"count":{"$numberDecimal":"897.59"},"day":29},{"count":{"$numberDecimal":"225"},"day":30}]}
{"_id":{"$oid":"5b2936d3ac22a4e5c3805590"},"date":{"$date":"2017-07-08T05:53:50.837Z"},"store_id":5,"footfall":[{"count":{"$numberDecimal":"1051.78"},"day":1},{"count":{"$numberDecimal":"4700.3"},"day":2},{"count":{"$numberDecimal":"4622.41"},"day":3},{"count":{"$numberDecimal":"5725.31"},"day":4},{"count":{"$numberDecimal":"2637.36"},"day":5},{"count":{"$numberDecimal":"2437.26"},"day":6},{"count":{"$numberDecimal":"2311.16"},"day":7},{"count":{"$numberDecimal":"4933.94"},"day":8},{"count":{"$numberDecimal":"8235.01"},"day":9},{"count":{"$numberDecimal":"4728.02"},"day":10},{"count":{"$numberDecimal":"5334.98"},"day":11},{"count":{"$numberDecimal":"9642.03"},"day":12},{"count":{"$numberDecimal":"1700.12"},"day":13},{"count":{"$numberDecimal":"213.87"},"day":14},{"count":{"$numberDecimal":"828.06"},"day":15},{"count":{"$numberDecimal":"7954.14"},"day":16},{"count":{"$numberDecimal":"2251.45"},"day":17},{"count":{"$numberDecimal":"6663.42"},"day":18},{"count":{"$numberDecimal":"4322.32"},"day":19},{"count":{"$numberDecimal":"4085.09"},"day":20},{"count":{"$numberDecimal":"7706.05"},"day":21},{"count":{"$numberDecimal":"1472.45"},"day":22},{"count":{"$numberDecimal":"6348.84"},"day":23},{"count":{"$numberDecimal":"64.05"},"day":24},{"count":{"$numberDecimal":"6819.79"},"day":25},{"count":{"$numberDecimal":"7985.24"},"day":26},{"count":{"$numberDecimal":"7709.13"},"day":27},{"count":{"$numberDecimal":"4059.8"},"day":28},{"count":{"$numberDecimal":"5202.13"},"day":29},{"count":{"$numberDecimal":"1251.82"},"day":30}]}
{"_id":{"$oid":"5b2936d3ac22a4e5c3805591"},"date":{"$date":"2017-03-21T03:55:20.878Z"},"store_id":7,"footfall":[{"count":{"$numberDecimal":"9780.92"},"day":1},{"count":{"$numberDecimal":"5801.67"},"day":2},{"count":{"$numberDecimal":"3927.4"},"day":3},{"count":{"$numberDecimal":"9353.16"},"day":4},{"count":{"$numberDecimal":"7140.56"},"day":5},{"count":{"$numberDecimal":"1155.16"},"day":6},{"count":{"$numberDecimal":"209.82"},"day":7},{"count":{"$numberDecimal":"4860.7"},"day":8},{"count":{"$numberDecimal":"3435.56"},"day":9},{"count":{"$numberDecimal":"1419.97"},"day":10},{"count":{"$numberDecimal":"8109.61"},"day":11},{"count":{"$numberDecimal":"9322.74"},"day":12},{"count":{"$numberDecimal":"5331.02"},"day":13},{"count":{"$numberDecimal":"518.96"},"day":14},{"count":{"$numberDecimal":"6637.95"},"day":15},{"count":{"$numberDecimal":"1590.35"},"day":16},{"count":{"$numberDecimal":"7749.71"},"day":17},{"count":{"$numberDecimal":"9236.69"},"day":18},{"count":{"$numberDecimal":"6703.58"},"day":19},{"count":{"$numberDecimal":"9647.24"},"day":20},{"count":{"$numberDecimal":"5174.37"},"day":21},{"count":{"$numberDecimal":"4695.84"},"day":22},{"count":{"$numberDecimal":"300.77"},"day":23},{"count":{"$numberDecimal":"4561.04"},"day":24},{"count":{"$numberDecimal":"2316.27"},"day":25},{"count":{"$numberDecimal":"6427.71"},"day":26},{"count":{"$numberDecimal":"348.67"},"day":27},{"count":{"$numberDecimal":"4603.15"},"day":28},{"count":{"$numberDecimal":"3904.53"},"day":29},{"count":{"$numberDecimal":"3534.86"},"day":30}]}
{"_id":{"$oid":"5b2936d3ac22a4e5c3805592"},"date":{"$date":"2017-03-18T15:07:08.385Z"},"store_id":9,"footfall":[{"count":{"$numberDecimal":"4052.47"},"day":1},{"count":{"$numberDecimal":"4975.29"},"day":2},{"count":{"$numberDecimal":"3386.18"},"day":3},{"count":{"$numberDecimal":"2348.4"},"day":4},{"count":{"$numberDecimal":"57.91"},"day":5},{"count":{"$numberDecimal":"2487"},"day":6},{"count":{"$numberDecimal":"8169.77"},"day":7},{"count":{"$numberDecimal":"3249.96"},"day":8},{"count":{"$numberDecimal":"7985.96"},"day":9},{"count":{"$numberDecimal":"4940.95"},"day":10},{"count":{"$numberDecimal":"1523.51"},"day":11},{"count":{"$numberDecimal":"7519.26"},"day":12},{"count":{"$numberDecimal":"8476.56"},"day":13},{"count":{"$numberDecimal":"8028.91"},"day":14},{"count":{"$numberDecimal":"1567.27"},"day":15},{"count":{"$numberDecimal":"1078.08"},"day":16},{"count":{"$numberDecimal":"4326.31"},"day":17},{"count":{"$numberDecimal":"6987.38"},"day":18},{"count":{"$numberDecimal":"7149.92"},"day":19},{"count":{"$numberDecimal":"9526.56"},"day":20},{"count":{"$numberDecimal":"5636.62"},"day":21},{"count":{"$numberDecimal":"969.12"},"day":22},{"count":{"$numberDecimal":"1157.78"},"day":23},{"count":{"$numberDecimal":"4277.28"},"day":24},{"count":{"$numberDecimal":"8870.1"},"day":25},{"count":{"$numberDecimal":"1693.48"},"day":26},{"count":{"$numberDecimal":"4600.92"},"day":27},{"count":{"$numberDecimal":"8090.81"},"day":28},{"count":{"$numberDecimal":"4640.04"},"day":29},{"count":{"$numberDecimal":"2017.38"},"day":30}]}
{"_id":{"$oid":"5b2936d3ac22a4e5c3805593"},"date":{"$date":"2017-06-13T13:26:50.071Z"},"store_id":8,"footfall":[{"count":{"$numberDecimal":"8397.56"},"day":1},{"count":{"$numberDecimal":"9978.62"},"day":2},{"count":{"$numberDecimal":"5226.35"},"day":4},{"count":{"$numberDecimal":"7775.96"},"day":5},{"count":{"$numberDecimal":"6748.89"},"day":6},{"count":{"$numberDecimal":"8458.52"},"day":7},{"count":{"$numberDecimal":"8078.57"},"day":8},{"count":{"$numberDecimal":"3517.4"},"day":9},{"count":{"$numberDecimal":"2256.47"},"day":10},{"count":{"$numberDecimal":"6121.49"},"day":11},{"count":{"$numberDecimal":"5044.93"},"day":12},{"count":{"$numberDecimal":"8568.95"},"day":13},{"count":{"$numberDecimal":"8595.13"},"day":14},{"count":{"$numberDecimal":"2855.74"},"day":15},{"count":{"$numberDecimal":"1555.07"},"day":16},{"count":{"$numberDecimal":"4918.25"},"day":17},{"count":{"$numberDecimal":"7703.79"},"day":18},{"count":{"$numberDecimal":"5027.82"},"day":19},{"count":{"$numberDecimal":"3757.45"},"day":20},{"count":{"$numberDecimal":"8848.88"},"day":21},{"count":{"$numberDecimal":"767.05"},"day":22},{"count":{"$numberDecimal":"5115.14"},"day":23},{"count":{"$numberDecimal":"89.22"},"day":24},{"count":{"$numberDecimal":"1036.23"},"day":25},{"count":{"$numberDecimal":"4221.4"},"day":26},{"count":{"$numberDecimal":"2851.11"},"day":27},{"count":{"$numberDecimal":"7336.63"},"day":28},{"count":{"$numberDecimal":"4419.14"},"day":29},{"count":{"$numberDecimal":"8086.09"},"day":30}]}
{"_id":{"$oid":"5b2936d3ac22a4e5c3805594"},"date":{"$date":"2017-12-10T13:43:54.526Z"},"store_id":9,"footfall":[{"count":{"$numberDecimal":"707.68"},"day":1},{"count":{"$numberDecimal":"7232.35"},"day":2},{"count":{"$numberDecimal":"7330.77"},"day":4},{"count":{"$numberDecimal":"1482.79"},"day":5},{"count":{"$numberDecimal":"6739.87"},"day":6},{"count":{"$numberDecimal":"1491.19"},"day":7},{"count":{"$numberDecimal":"2033.35"},"day":8},{"count":{"$numberDecimal":"2884.8"},"day":9},{"count":{"$numberDecimal":"7431.34"},"day":10},{"count":{"$numberDecimal":"7367.59"},"day":11},{"count":{"$numberDecimal":"6590.87"},"day":12},{"count":{"$numberDecimal":"6550.51"},"day":13},{"count":{"$numberDecimal":"5106.24"},"day":14},{"count":{"$numberDecimal":"8067.64"},"day":15},{"count":{"$numberDecimal":"8908.23"},"day":16},{"count":{"$numberDecimal":"2817.86"},"day":17},{"count":{"$numberDecimal":"509.28"},"day":18},{"count":{"$numberDecimal":"1630.75"},"day":19},{"count":{"$numberDecimal":"1531.42"},"day":20},{"count":{"$numberDecimal":"7482.5"},"day":21},{"count":{"$numberDecimal":"4481.32"},"day":22},{"count":{"$numberDecimal":"1826.76"},"day":23},{"count":{"$numberDecimal":"8893.74"},"day":24},{"count":{"$numberDecimal":"6884.05"},"day":25},{"count":{"$numberDecimal":"7445.81"},"day":26},{"count":{"$numberDecimal":"9096.35"},"day":27},{"count":{"$numberDecimal":"8081.77"},"day":28},{"count":{"$numberDecimal":"9983.3"},"day":29},{"count":{"$numberDecimal":"8250.37"},"day":30}]}
{"_id":{"$oid":"5b2936d3ac22a4e5c3805595"},"date":"02/2018","store_id":2,"footfall":[{"count":"201","day":1},{"count":"393","day":2},{"count":"866","day":5},{"count":"999","day":6},{"count":"658","day":7},{"count":"008","day":8},{"count":"165","day":9},{"count":"427","day":10},{"count":"071","day":11},{"count":"051","day":12},{"count":"963","day":13},{"count":"405","day":14},{"count":"278","day":15},{"count":"153","day":16},{"count":"746","day":17},{"count":"073","day":18},{"count":"099","day":19},{"count":"306","day":20},{"count":"242","day":21},{"count":"798","day":22},{"count":"703","day":23},{"count":"766","day":24},{"count":"209","day":25},{"count":"107","day":26},{"count":"133","day":27},{"count":"165","day":28},{"count":"826","day":29},{"count":null,"day":30}]}
{"_id":{"$oid":"5b2936d3ac22a4e5c3805596"},"date":{"$date":"2017-06-17T19:17:19.822Z"},"store_id":5,"footfall":[{"count":{"$numberDecimal":"2291.6"},"day":1},{"count":{"$numberDecimal":"6507.38"},"day":2},{"count":{"$numberDecimal":"1826.64"},"day":4},{"count":{"$numberDecimal":"4583.22"},"day":5},{"count":{"$numberDecimal":"7055.18"},"day":6},{"count":{"$numberDecimal":"9244.42"},"day":7},{"count":{"$numberDecimal":"185.32"},"day":8},{"count":{"$numberDecimal":"1147.34"},"day":9},{"count":{"$numberDecimal":"2603.12"},"day":10},{"count":{"$numberDecimal":"6327.53"},"day":11},{"count":{"$numberDecimal":"3227.52"},"day":12},{"count":{"$numberDecimal":"3143.05"},"day":13},{"count":{"$numberDecimal":"115.4"},"day":14},{"count":{"$numberDecimal":"8757.56"},"day":15},{"count":{"$numberDecimal":"1804.81"},"day":16},{"count":{"$numberDecimal":"2268.72"},"day":17},{"count":{"$numberDecimal":"322.41"},"day":18},{"count":{"$numberDecimal":"2244.63"},"day":19},{"count":{"$numberDecimal":"1294.7"},"day":20},{"count":{"$numberDecimal":"8415.15"},"day":21},{"count":{"$numberDecimal":"3753.76"},"day":22},{"count":{"$numberDecimal":"7776.48"},"day":23},{"count":{"$numberDecimal":"5127.19"},"day":24},{"count":{"$numberDecimal":"2787.5"},"day":25},{"count":{"$numberDecimal":"6980.07"},"day":26},{"count":{"$numberDecimal":"4492.32"},"day":27},{"count":{"$numberDecimal":"5182.12"},"day":28},{"count":{"$numberDecimal":"8666.79"},"day":29},{"count":{"$numberDecimal":"8128.66"},"day":30}]}
{"_id":{"$oid":"5b2936d3ac22a4e5c3805597"},"date":"02/2018","store_id":7,"footfall":[{"count":"161","day":1},{"count":"613","day":2},{"count":"115","day":4},{"count":"329","day":5},{"count":"872","day":6},{"count":"606","day":7},{"count":"562","day":8},{"count":"774","day":9},{"count":"052","day":10},{"count":"857","day":11},{"count":"143","day":12},{"count":"584","day":13},{"count":"336","day":14},{"count":"409","day":15},{"count":"872","day":16},{"count":"665","day":17},{"count":"899","day":18},{"count":"019","day":19},{"count":"946","day":20},{"count":"996","day":21},{"count":"713","day":22},{"count":null,"day":23},{"count":"067","day":24},{"count":"302","day":25},{"count":"545","day":26},{"count":"649","day":27},{"count":"754","day":28},{"count":"695","day":29},{"count":"226","day":30}]}
{"_id":{"$oid":"5b2936d3ac22a4e5c3805598"},"date":"08/2018","store_id":1,"footfall":[{"count":"201","day":1},{"count":"627","day":2},{"count":"670","day":4},{"count":"754","day":5},{"count":"299","day":6},{"count":"301","day":7},{"count":"481","day":8},{"count":"617","day":9},{"count":"683","day":10},{"count":"324","day":11},{"count":"028","day":12},{"count":"995","day":13},{"count":"844","day":14},{"count":"297","day":15},{"count":"676","day":16},{"count":"033","day":17},{"count":"740","day":18},{"count":"364","day":19},{"count":"635","day":20},{"count":"982","day":21},{"count":"378","day":22},{"count":"495","day":23},{"count":"906","day":24},{"count":"718","day":25},{"count":"780","day":26},{"count":"764","day":27},{"count":"121","day":28},{"count":"595","day":29},{"count":"631","day":30}]}
{"_id":{"$oid":"5b2936d3ac22a4e5c3805599"},"date":"10/2018","store_id":10,"footfall":[{"count":"230","day":1},{"count":"801","day":2},{"count":"636","day":4},{"count":"900","day":5},{"count":"975","day":6},{"count":"749","day":7},{"count":"241","day":8},{"count":"628","day":9},{"count":"332","day":10},{"count":"935","day":11},{"count":"700","day":12},{"count":"666","day":13},{"count":"608","day":14},{"count":"240","day":15},{"count":"228","day":16},{"count":"372","day":17},{"count":"672","day":18},{"count":"289","day":19},{"count":"052","day":20},{"count":"094","day":21},{"count":"635","day":22},{"count":"504","day":23},{"count":"913","day":24},{"count":"573","day":25},{"count":"900","day":26},{"count":"761","day":27},{"count":"803","day":28},{"count":"284","day":29},{"count":"804","day":30}]}
{"_id":{"$oid":"5b2936d3ac22a4e5c380559a"},"date":"06/2018","store_id":5,"footfall":[{"count":"240","day":1},{"count":"903","day":2},{"count":"691","day":4},{"count":"479","day":5},{"count":"932","day":6},{"count":"519","day":7},{"count":"215","day":8},{"count":"660","day":9},{"count":"060","day":10},{"count":"603","day":11},{"count":"545","day":12},{"count":"475","day":13},{"count":"351","day":14},{"count":"504","day":15},{"count":"820","day":16},{"count":"154","day":17},{"count":"086","day":18},{"count":"513","day":19},{"count":"374","day":20},{"count":"212","day":21},{"count":"426","day":22},{"count":"294","day":23},{"count":"226","day":24},{"count":"966","day":25},{"count":"642","day":26},{"count":"950","day":27},{"count":"446","day":28},{"count":"241","day":29},{"count":"582","day":30}]}
{"_id":{"$oid":"5b2936d3ac22a4e5c380559b"},"date":"10/2016","store_id":6,"footfall":[{"count":"078","day":1},{"count":"159","day":2},{"count":"655","day":4},{"count":"035","day":5},{"count":"550","day":6},{"count":"671","day":7},{"count":"419","day":8},{"count":"623","day":9},{"count":"831","day":10},{"count":"596","day":11},{"count":"468","day":12},{"count":"151","day":13},{"count":"285","day":14},{"count":"527","day":15},{"count":"951","day":16},{"count":"145","day":17},{"count":"611","day":18},{"count":"432","day":19},{"count":"580","day":20},{"count":"150","day":21},{"count":"588","day":22},{"count":"871","day":23},{"count":"798","day":24},{"count":"129","day":25},{"count":"914","day":26},{"count":"222","day":27},{"count":"093","day":28},{"count":"526","day":29},{"count":"115","day":30}]}
{"_id":{"$oid":"5b2936d3ac22a4e5c380559c"},"date":"05/2018","store_id":8,"footfall":[{"count":"154","day":1},{"count":"608","day":2},{"count":"853","day":4},{"count":"320","day":5},{"count":"706","day":6},{"count":"859","day":7},{"count":"231","day":8},{"count":"899","day":9},{"count":"819","day":10},{"count":"183","day":11},{"count":"914","day":12},{"count":"190","day":13},{"count":"854","day":14},{"count":"937","day":15},{"count":"777","day":16},{"count":"615","day":17},{"count":"219","day":18},{"count":"933","day":19},{"count":"993","day":20},{"count":"204","day":21},{"count":"232","day":22},{"count":"470","day":23},{"count":"974","day":24},{"count":"861","day":25},{"count":"247","day":26},{"count":"263","day":27},{"count":"988","day":28},{"count":"840","day":29},{"count":"492","day":30}]}
{"_id":{"$oid":"5b2936d3ac22a4e5c380559d"},"date":"12/2017","store_id":10,"footfall":[{"count":"048","day":1},{"count":"971","day":2},{"count":"220","day":5},{"count":"958","day":6},{"count":"296","day":7},{"count":"884","day":8},{"count":"142","day":9},{"count":"491","day":10},{"count":"650","day":11},{"count":"397","day":12},{"count":"825","day":13},{"count":"121","day":14},{"count":"077","day":15},{"count":"714","day":16},{"count":"509","day":17},{"count":"345","day":18},{"count":"831","day":19},{"count":"127","day":20},{"count":"838","day":21},{"count":"252","day":22},{"count":"192","day":23},{"count":"297","day":24},{"count":"517","day":25},{"count":"196","day":26},{"count":"230","day":27},{"count":"596","day":28},{"count":"548","day":29},{"count":"877","day":30}]}
{"_id":{"$oid":"5b2936d3ac22a4e5c380559e"},"date":"01/2016","store_id":8,"footfall":[{"count":"764","day":1},{"count":"864","day":2},{"count":"044","day":4},{"count":"688","day":5},{"count":"513","day":6},{"count":"752","day":7},{"count":"180","day":8},{"count":"221","day":9},{"count":"020","day":10},{"count":"158","day":11},{"count":"223","day":12},{"count":"080","day":13},{"count":"362","day":14},{"count":"352","day":15},{"count":"025","day":16},{"count":"808","day":17},{"count":"830","day":18},{"count":"332","day":19},{"count":"193","day":20},{"count":"655","day":21},{"count":"049","day":22},{"count":"477","day":23},{"count":"688","day":24},{"count":"202","day":25},{"count":"083","day":26},{"count":"807","day":27},{"count":"458","day":28},{"count":"639","day":29},{"count":"621","day":30}]}
{"_id":{"$oid":"5b2936d3ac22a4e5c380559f"},"date":"04/2018","store_id":7,"footfall":[{"count":"036","day":1},{"count":"866","day":2},{"count":"565","day":4},{"count":"702","day":5},{"count":"992","day":6},{"count":"299","day":7},{"count":"306","day":8},{"count":"625","day":9},{"count":"883","day":10},{"count":"780","day":11},{"count":"995","day":12},{"count":"693","day":13},{"count":"879","day":14},{"count":"685","day":15},{"count":"716","day":16},{"count":"405","day":17},{"count":"319","day":18},{"count":"520","day":19},{"count":"508","day":20},{"count":"802","day":21},{"count":"345","day":22},{"count":"571","day":23},{"count":"990","day":24},{"count":"627","day":25},{"count":"191","day":26},{"count":"699","day":27},{"count":"403","day":28},{"count":"854","day":29},{"count":"721","day":30}]}
{"_id":{"$oid":"5b295d100690815a852ce567"},"date":"05/2018","store_id":8,"footfall":[{"count":"154","day":1},{"count":"608","day":2},{"count":"320","day":5},{"count":"706","day":6},{"count":"859","day":7},{"count":"231","day":8},{"count":"899","day":9},{"count":"819","day":10},{"count":"183","day":11},{"count":"914","day":12},{"count":"190","day":13},{"count":"854","day":14},{"count":"937","day":15},{"count":"777","day":16},{"count":"615","day":17},{"count":"219","day":18},{"count":"933","day":19},{"count":"993","day":20},{"count":"204","day":21},{"count":"232","day":22},{"count":"470","day":23},{"count":"974","day":24},{"count":"861","day":25},{"count":"247","day":26},{"count":"263","day":27},{"count":"988","day":28},{"count":"840","day":29},{"count":"492","day":30}]}
